{
  "seed": 432,
  "n_train": 50,
  "n_test": 263,
  "params": {
    "sigma0": 3500.1294619546925,
    "p": 0.691079663747576,
    "T0": 276.887771478923,
    "r_disk": 38.55586899954032,
    "t_disk": 9.680444812420133,
    "dust_to_gas": 0.008531242882971033,
    "f_ice": 3.473950374588142,
    "M_crit": 5.950876129921091,
    "K": 8.21011647960788,
    "f_capture": 0.9185330935057832
  },
  "baseline_eval": {
    "n_test": 263,
    "beat_random": 148,
    "beat_geometric": 15,
    "pass_both": 11,
    "beat_random_rate": 0.5627376425855514,
    "beat_geometric_rate": 0.057034220532319393,
    "pass_rate": 0.04182509505703422,
    "median_model_rms": 0.408248290463863
  },
  "fitted_eval": {
    "n_test": 263,
    "beat_random": 111,
    "beat_geometric": 70,
    "pass_both": 45,
    "beat_random_rate": 0.4220532319391635,
    "beat_geometric_rate": 0.2661596958174905,
    "pass_rate": 0.17110266159695817,
    "median_model_rms": 0.05286644882642175
  }
}