{
  "system": "sun",
  "seed": 432,
  "params": {
    "sigma0": 2329.180330768248,
    "p": 0.7717647708352073,
    "T0": 370.96069612383565,
    "r_disk": 77.57785396006838,
    "t_disk": 5.680317175830325,
    "dust_to_gas": 0.026277339605902946,
    "f_ice": 2.6289943303167806,
    "M_crit": 13.06260866254107,
    "K": 8.945515509643721,
    "f_capture": 0.7098769751391081
  },
  "score": {
    "chi2": 1.6146840909094704,
    "chi2_position": 0.1146840909094704,
    "rms_dex": 0.19551989746099194,
    "n_pred": 3,
    "n_obs": 8
  }
}